id,regdate,first_name,last_name,email,phone,address,city,state,zipcode
1247,1/21/09 0:06,Alyssa,Abraham,durnetta@jumpstartlab.com,240 645 5000,"3000 Cathedral Ave, NW",Washington,DC,20008
2985,1/29/09 22:01,Ivey,Albeck,bxll13@jumpstartlab.com,6035627000,"4425 Reno Road, NW",Washington,DC,20008
876,1/19/09 12:05,Juliette,Alvarez,luroberts05@jumpstartlab.com,973-332-3000,"2727 29th Street NW, Apt. 323",Washington,DC,20008
3137,1/30/09 14:16,Maria,Amster,ckongwer@jumpstartlab.com,xxxx000,155 Indian Avenue,Lawrence,DC,66046
1414,1/21/09 15:58,Alejandro,Anderson,sydy0314@jumpstartlab.com,914-441-7000,4400 Massachusetts Ave NW,Washington,DC,20016
3158,1/30/09 14:44,Megan,Arene-Morley,fhanchan@jumpstartlab.com,2022977000,37th and O Streets NW,Washington,DC,20057
2936,1/29/09 18:46,Wesley,Aroneanu,efraguza@jumpstartlab.com,908-672-3000,"2021 F St NW, Potomac #1006",Washington,DC,20052
1225,1/20/09 23:50,Lindsay,Aronoff,aslissanypirg@jumpstartlab.com,240 645 5000,"3000 Cathedral Ave, NW",Washington,DC,20008
1213,1/20/09 23:38,Zack,Astrove,fkolfgan@jumpstartlab.com,240 645 5000,"3000 Cathedral Ave, NW",Washington,DC,20008
1229,1/20/09 23:51,Jennifer,Avalos,deiaz@jumpstartlab.com,443-504-4000,3168 17th St NW,Washington,DC,20010
1459,1/21/09 16:36,Leah,Ayers,vjstevens_2010@jumpstartlab.com,301 6545000,"3825 Wisconsin Avenue, NW",Washington,DC,20016
866,1/19/09 11:43,Jenna,B,wdack.satin.feathers@jumpstartlab.com,973-902-1000,"2727 29th Street NW, Apt. 305",Washington,DC,20008
126,12/11/08 11:56,Katie,Baimas-George,svsullivan88@jumpstartlab.com,608-516-9000,1123 Harvard St. unit R,Washington,DC,20009
1232,1/20/09 23:52,Stephanie,Baird,omani.sheva@jumpstartlab.com,240 645 5000,"3000 Cathedral Ave, NW",Washington,DC,20008
1389,1/21/09 15:18,Jenny,Barrett,ym1106a@jumpstartlab.com,515-231-4000,4201 Massachusetts Ave NW,Washington,DC,20016
873,1/19/09 11:58,Erik,Beardsley,ngangrpl@jumpstartlab.com,201-786-3000,"2727 29th Street NW, Apt. 232",Washington,DC,20008
2072,1/21/09 22:39,Vanessa,Beckman,leerry.finkel@jumpstartlab.com,913.406.3000,"620 21st Street, NW, #201",Washington,DC,66209
1236,1/20/09 23:57,Katey,Benders,jdf28@jumpstartlab.com,240 645 5000,"3000 Cathedral Ave, NW",Washington,DC,20008
4908,2/1/09 23:26,Laura,Bennett,sqerson1@jumpstartlab.com,5408883000,1616 P Street NW Suite 340,washington,DC,20036
1221,1/20/09 23:45,Lauren,Berlin,kff_wehrenjk@jumpstartlab.com,240 645 5000,"3000 Cathedral Ave, NW",Washington,DC,20008
4561,2/1/09 20:59,Lindsay,Betancourt,fkll11@jumpstartlab.com,202-882-3000,1507 Gallatin Street NW,"Washington, DC",DC,20011
4640,2/1/09 21:29,Cameron,Bhalsod,eoawrence2@jumpstartlab.com,717-339-7000,4400 Massachusetts Avenue,Washington,DC,20016
4929,2/1/09 23:31,Mrinalini,Billman,ihnwaax07@jumpstartlab.com,5408883000,1616 P Street NW Suite 340,Washington,DC,20036
4623,2/1/09 21:25,Leila,Bischoff,mkoodman@jumpstartlab.com,781-424-0000,4400 Massachusetts Avenue,Washington,DC,20016
4750,2/1/09 22:13,Melissa,Bowling,yim138@jumpstartlab.com,631-223-6000,736 22nd Street rm 205,Washington DC,DC,20052
4498,2/1/09 20:27,Kelley,Boyyyyy,qswolf@jumpstartlab.com,202-885-1000,4400 Massachusetts Avenue,Washington,DC,20016
4156,2/1/09 15:37,Dan,Bryant,eyrzipan@jumpstartlab.com,510-452-7000,"1608 Rhode Island Ave, NW",Washington,DC,20036
860,1/19/09 11:22,Jeannie,Bryant,kkserpe08@jumpstartlab.com,845-797-3000,"2727 29th Street NW, Apt 305",Washington,DC,20008
3492,1/31/09 13:19,Skye,Bulis,hecameri@jumpstartlab.com,202-213-8000,"1500 Massachusetts Ave, #546",Washington,DC,20005
1257,1/21/09 0:22,Medina,Cao,dkulger@jumpstartlab.com,240 645 5000,"3000 Cathedral Ave, NW",Washington,DC,20008
4451,2/1/09 20:00,Aaron,Cappelli,mwgan.foster@jumpstartlab.com,610-324-8000,4400 Massachusetts Avenue,Washington,DC,20016
1253,1/21/09 0:16,Roxanne,Carbajo,bxlegra.fonda-bonardi@jumpstartlab.com,240 645 5000,"3000 Cathedral Ave, NW",Washington,DC,20008
4576,2/1/09 21:08,David,Cardinal,ptodallm@jumpstartlab.com,412-613-7000,4400 Massachusetts Avenue,washington,DC,20016
2755,1/28/09 11:20,Sally,Carey,apu.brazell@jumpstartlab.com,(202) 319-2000,"702 H St NW, Ste 300",Washington,DC,20001
1422,1/21/09 16:05,Samuel,Carpenter,wsmanley@jumpstartlab.com,301 6545000,"3825 Wisconsin Avenue, NW",Washington,DC,20016
4151,2/1/09 15:29,Ethan,Chang,hhhn.walker@jumpstartlab.com,510-610-1000,"1608 Rhode Island Ave, NW",Washington,DC,20036
362,12/19/08 12:44,Justin,Chinana,ipesha226@jumpstartlab.com,(434) 989 1000,3321 16th St NW,Washington,DC,20010
3678,1/31/09 17:26,Monica,Cormia,ksf_hellerla@jumpstartlab.com,5163840000,"Georgetown University, Village A F206",Washington,DC,20057
5159,2/2/09 10:38,Allison,Coronado,beblaaron01@jumpstartlab.com,805-448-1000,"2100 I Street, NW, GW University â€“ Lafayette Hall #403",Washington,DC,20052
1452,1/21/09 16:32,Olivia,Costa,blsmith@jumpstartlab.com,301 6545000,"3825 Wisconsin Avenue, NW",Washington,DC,20016
4154,2/1/09 15:32,Jason,Costantino,efochner@jumpstartlab.com,626-840-6000,"1608 Rhode Island Ave, NW",Washington,DC,20036
4823,2/1/09 22:53,Jafar,Cotton,hroon-van-diest.4@jumpstartlab.com,5408883000,1616 P. Street NW Suite 340,Washington,DC,20036
838,1/17/09 0:38,Megan,Craig,nslopuppet_o_o@jumpstartlab.com,917-280-6000,1409 37th St.,Washington,DC,20007
1439,1/21/09 16:18,Jamie3,Crutcher,ssckereg@jumpstartlab.com,301 6545000,"3825 Wisconsin Avenue, NW",Washington,DC,20016
1445,1/21/09 16:27,Meaghan,Cunningham,njompsonswartz@jumpstartlab.com,301 6545000,"3825 Wisconsin Avenue, NW",Washington,DC,20016
4431,2/1/09 19:49,Mackenzie,Davila,nmkokal@jumpstartlab.com,541-760-8000,4400 Massachusetts Avenue,Washington,DC,
2927,1/29/09 16:53,Lisa,Davis,hg@jumpstartlab.com,301-675-4000,4461 Westover Place,Washington,DC,20016
4381,2/1/09 19:13,Nancy,Davis,weey.wohlfeld@jumpstartlab.com,8452249000,Box 574262 Georgetown University,Washington,DC,4262
4584,2/1/09 21:12,Paul,Davison,wcll16@jumpstartlab.com,305-283-5000,4400 Massachusetts Avenue,Washington,DC,20016
2215,1/21/09 23:11,Vanessa,Dawson,casusanrubin@jumpstartlab.com,802.598.2000,"950 24th St, NW, #816",Washington,DC,20052
4426,2/1/09 19:46,Jeanna,De Soto,kce.chadcarson+4@jumpstartlab.com,206-261-8000,4400 Massachusetts Avenue,Washington,DC,20016
1385,1/21/09 14:57,Ryan,DeBuck,ghyce_m@jumpstartlab.com,240 645 5000,3000 Cathedral Ave NW,Washington,DC,20008
2857,1/29/09 13:33,Tamer,Deveau,wgurns4@jumpstartlab.com,2029975000,1718 21st Street NW,Washington,DC,20009
3454,1/31/09 8:55,Chris,Doane,kpilch1@jumpstartlab.com,9187069000,Copley G17 Box 573539 Georgetown University,Washington,DC,20057
3647,1/31/09 16:45,Rei,Doe,fuusso@jumpstartlab.com,8452249000,Box 573757,Washington,DC,20057
871,1/19/09 11:52,Vax,Doe,nyesoto@jumpstartlab.com,315-391-7000,2727 29th Street NW,Washington,DC,20008
4725,2/1/09 22:02,Cody,Doe,tkstressneko.lily@jumpstartlab.com,704-737-8000,4400 Massachusetts Avenue,Washington,DC,20016
1427,1/21/09 16:09,James,Doe,nlhneenampudiyay@jumpstartlab.com,267-467-4000,4400 Massachusetts Ave NW,Washington,DC,20016
2670,1/26/09 20:52,Julie,Doe,hcilson@jumpstartlab.com,240-393-7000,1620 Argonne Place N.W.,Washington,DC,20009
2709,1/27/09 0:36,Allison,Dolkart,ieim19@jumpstartlab.com,607-346-6000,2021 F Street NW,Washington,DC,20052
2130,1/21/09 22:50,Karson,Dowd,klotazewell@jumpstartlab.com,347-207-2000,"2222 Eye Street, NW, #303",Washington,DC,20052
4493,2/1/09 20:23,Vanessa,Dube,kmbrink08@jumpstartlab.com,404-488-6000,4400 Massachusetts Avenue,Washington,DC,20016
4678,2/1/09 21:44,Erica,Duval,uasample@jumpstartlab.com,636-489-9000,4400 Massachusetts Avenue,Washington,DC,20016
4918,2/1/09 23:30,Caitlin,Easter,ghel@jumpstartlab.com,310-569-8000,321 South Carolina Ave SE,Washington,DC,20003
4507,2/1/09 20:30,Chris,Edge,pcickers@jumpstartlab.com,503-998-8000,4400 Massachusetts Avenue,washington,DC,20016
4487,2/1/09 20:20,Lauren,Elion,phya_godwin@jumpstartlab.com,626-598-5000,"901 6th St. SW, Apt 414A",Washington,DC,20024
351,12/19/08 10:40,Nate,Endres,rmaiorana@jumpstartlab.com,3109024000,3332 Quesada St.,NW,DC,20015
3003,1/30/09 10:37,Alison,England,wlutko@jumpstartlab.com,508 404 6000,1673 Columbia Rd. NW Apt. 400,Washington,DC,20009
1428,1/21/09 16:09,Josh,Evarts,bnaci@jumpstartlab.com,301 6545000,"3825 Wisconsin Avenue, NW",Washington,DC,20016
1469,1/21/09 16:42,Jesse,Farrell,iwee@jumpstartlab.com,301 6545000,"3825 Wisconsin Avenue, NW",Washington,DC,20016
1215,1/20/09 23:40,One,Fitzgerald,nplds@jumpstartlab.com,240 645 5000,"3000 Cathedral Ave, NW",Washington,DC,20008
2586,1/23/09 14:02,Amanda,Flanagan,rrnka@jumpstartlab.com,301-312-7000,"3825 Wisconsin Avenue, NW",Washington,DC,20016
2935,1/29/09 18:43,Leslye,Fong,xksonVates@jumpstartlab.com,718.308.8000,"2119 H St NW, Crawford #210",Washington,DC,20052
480,12/20/08 16:43,Dan,Fraissinet,kggoyer@jumpstartlab.com,8504455000,"Box #577150, Georgetown Univ.",Washington,DC,20057
2630,1/25/09 23:14,David,Francom Redstone,el69703@jumpstartlab.com,(360) 790-3000,2223 H St NW,Washington,DC,20052
868,1/19/09 11:46,Lucy,Frick,xcott33@jumpstartlab.com,201-913-4000,"2727 29th Street NW, Apt. 211",Washington,DC,20008
2848,1/29/09 12:08,Melissa,Frys,ab136507@jumpstartlab.com,5418684000,1302 36th St NW,Washington,DC,20007
2146,1/21/09 22:52,Kimberly,Furey,jqayes25@jumpstartlab.com,602.291.3000,"950 24th St, NW, #816",Washington,DC,20052
4411,2/1/09 19:37,Jill,Futterman,dprent08@jumpstartlab.com,503-380-2000,4400 Massachusetts Avenue,Washington,DC,20016
4570,2/1/09 21:04,Lisa,Gallenstein,qas6240@jumpstartlab.com,615-512-7000,4400 Massachusetts Avenue,Washington,DC,20016
4602,2/1/09 21:18,Blaine,Gandi,ptbatebob@jumpstartlab.com,609-713-0000,4400 Massachusetts Avenue,Washington,DC,20016
2753,1/28/09 11:16,Elizabeth,Garlick,vnisha_pavao@jumpstartlab.com,(202) 319-2000,"702 H St NW, Ste 300",Washington,DC,20001
4594,2/1/09 21:15,X,Gasparek,qr8602a@jumpstartlab.com,610-295-4000,4400 Massachusetts Avenue,Washington,DC,20016
1485,1/21/09 16:52,Chelsea,Gaudin,maitenz@jumpstartlab.com,301 6545000,"3825 Wisconsin Avenue, NW",Washington,DC,20016
4685,2/1/09 21:46,Lubaba,Geisinger,pqchellefwebb@jumpstartlab.com,508-254-4000,4400 Massachusetts Avenue,Washington,DC,20016
4545,2/1/09 20:50,Breena,Ghaelian,ugyer20n@jumpstartlab.com,650-303-6000,4400 Massachusetts Avenue,Washington,DC,20016
2114,1/21/09 22:47,Matthew,Gibbs,gxskag08@jumpstartlab.com,202.386.0000,2222 Eye Street,Washington,DC,20052
4729,2/1/09 22:04,Finn,Gloster,end211@jumpstartlab.com,484-653-7000,4400 Massachusetts Avenue,Washington,DC,20016
1223,1/20/09 23:48,Allison,Gracey,fhrlemail1@jumpstartlab.com,240 645 5000,"3000 Cathedral Ave, NW",Washington,DC,20008
4294,2/1/09 17:59,Ellen,Graham,bkorris@jumpstartlab.com,202-657-9000,58 Bryant Street NW,Washington,DC,20001
4404,2/1/09 19:31,Charles,Gray,qdrikyassien@jumpstartlab.com,503-380-2000,4400 Massachusetts Avenue,Washington,DC,20016
4566,2/1/09 21:01,Praween,Green,yswwwwwwwwww@jumpstartlab.com,443-789-4000,4400 Massachusetts Avenue,Washington,DC,20016
1481,1/21/09 16:49,Jane,Green,cmohan3@jumpstartlab.com,301 6545000,"3825 Wisconsin Avenue, NW",Washington,DC,20016
1406,1/21/09 15:51,Erika,Guilbeault,qt336707@jumpstartlab.com,856-309-1000,4400 Massachusetts Ave NW,Washington,DC,20016
782,1/15/09 16:08,Daryl,Gutbrod,tknt.jamie@jumpstartlab.com,2022562000,2941 Chesapeake St NW,Washington,DC,20008
874,1/19/09 12:02,Guy,Halter,rdett.buikema@jumpstartlab.com,707-337-3000,"2727 29th Street NW, Apt. 529",Washington,DC,20008
2,11/12/08 13:23,SArah,Hankins,pinalevitsky@jumpstartlab.com,414-520-5000,2022 15th Street NW,Washington,DC,20009
1455,1/21/09 16:34,Winslow,Hanson,cvtrohmayer@jumpstartlab.com,301 6545000,"3825 Wisconsin Avenue, NW",Washington,DC,20016
1687,1/21/09 20:20,Julia,Hatcher,uyliott@jumpstartlab.com,551 486 5000,"1804 Kilbourne Pl NW,",Washington,DC,20010
862,1/19/09 11:29,Rachel,Haut,jqisten.greenwald@jumpstartlab.com,845-797-3000,"2727 29th Street NW, Apt. 232",Washington,DC,20008
1434,1/21/09 16:14,Mayrah,Hecht,htcmseac@jumpstartlab.com,301 6545000,"3825 Wisconsin Avenue, NW",Washington,DC,20016
2679,1/26/09 22:18,Rosemary,Hileman,rapsherryx3@jumpstartlab.com,703-389-0000,4110 14th St. NW,Washington,DC,20011
4880,2/1/09 23:16,Emily,Hoepfinger,buifkin@jumpstartlab.com,5408883000,1616 P. street NW suite 340,washington,DC,20036
4884,2/1/09 23:18,Kyle,Hoyles,kehndoe12@jumpstartlab.com,5408883000,1616 P. street NW suite 340,washington,DC,20036
3581,1/31/09 15:53,Matthew,Hutton,ydwittig@jumpstartlab.com,8452249000,"512 McCarthy Hall, Georgetown University",Washington,DC,20057
1488,1/21/09 16:54,Jordan,Indvik,mbraele@jumpstartlab.com,301 6545000,"3825 Wisconsin Avenue, NW",Washington,DC,20016
1250,1/21/09 0:11,Megan,J,gwlter@jumpstartlab.com,240 645 5000,"3000 Cathedral Ave, NW",Washington,DC,20008
2207,1/21/09 23:08,Molly,Jackson,ofdaroman@jumpstartlab.com,504-994-7000,"950 24th St, NW, #1108",Washington,DC,20052
1466,1/21/09 16:40,Alexandra,Jenkins,kxnlop316@jumpstartlab.com,301 6545000,"3825 Wisconsin Avenue, NW",Washington,DC,20016
4859,2/1/09 23:10,Amanda,Johnson,vqhndoe@jumpstartlab.com,5408883000,1616 P. street NW suite 340,washington,DC,20036
4470,2/1/09 20:11,Jorge,Kagan,utrtjp@jumpstartlab.com,410-652-0000,4400 Massachusetts Avenue,Washington,DC,20016
864,1/19/09 11:35,Lucia,Karoluk,wonisegarcia666@jumpstartlab.com,315-750-0000,"2727 29th Street NW, Apt. 305",Washington,DC,20008
1411,1/21/09 15:55,Rachel,Kazyak,lpmberly.upstill07@jumpstartlab.com,717-405-9000,4400 Massachusetts Ave NW,Washington,DC,20016
1476,1/21/09 16:45,Abigail,Keith,qinder.buitelaar@jumpstartlab.com,301 6545000,"3825 Wisconsin Avenue, NW",Washington,DC,20016
2583,1/23/09 13:54,Lauren,Kent,epygrl7@jumpstartlab.com,301-312-7000,"3825 Wisconsin Avenue, NW",Washington,DC,20016
4486,2/1/09 20:19,Sam,Kneidinger,pskiha@jumpstartlab.com,505-563-0000,4400 Massachusetts Avenue,Washington,DC,20016
4408,2/1/09 19:36,Molly,Kraft,qncarter@jumpstartlab.com,6174808000,"2000 N Street, NW",Washington,DC,20036
4519,2/1/09 20:36,Alicia,Krautheim,vnrossm2@jumpstartlab.com,270-282-1000,4400 Massachusetts Avenue,Washington,DC,20016
577,1/5/09 15:32,William,Kristian,xokelly@jumpstartlab.com,603-661-5000,812 Randolph St. NW,Washington,DC,20011
4702,2/1/09 21:54,Ashley,Kubica,pldrew.mariotti@jumpstartlab.com,781-479-6000,4400 Massachusetts Avenue,Washington,DC,20016
695,1/7/09 10:57,Jessie,Kurdyla,etcooke11@jumpstartlab.com,805-907-5000,"2915 Connecticut Avenue, NW Apt. 207",Washington,DC,20008
751,1/12/09 2:55,Sophie,Lade,cpagenkn@jumpstartlab.com,3214804000,2505 13th St. NW,Washington,DC,20009
4902,2/1/09 23:24,Samuel,Lambert-Williams,emapman.elisabeth@jumpstartlab.com,5408883000,1616 P. street NW suite 340,washington,DC,20036
4086,2/1/09 14:09,Kristen,Lancaster,xuller@jumpstartlab.com,260-460-0000,"1255 New Hampshire Ave NW, Apt 108",Washington,DC,20036
1248,1/21/09 0:09,Sierra,Langone,jbmcwilliams@jumpstartlab.com,240 645 5000,"3000 Cathedral Ave, NW",Washington,DC,20008
3903,1/31/09 21:44,David,Larsson,cwtchell67@jumpstartlab.com,5176554000,1608 Rhode Island Ave NW,Washington,DC,
1431,1/21/09 16:13,Grant,Le,xlielke@jumpstartlab.com,301 6545000,"3825 Wisconsin Avenue, NW",Washington,DC,20016
4336,2/1/09 18:30,Miranda,Lee Tan,bbeyward09@jumpstartlab.com,202-546-7000,2531 Q St. NW Apt. 205,Washington,DC,20007
2579,1/23/09 13:43,Elizabeth,Lenhart,xwmmerlek@jumpstartlab.com,301-312-7000,"3825 Wisconsin Avenue, NW",Washington,DC,20016
752,1/12/09 2:57,Lala,Leung,vsmcneal@jumpstartlab.com,5613391000,2505 13th St. NW,Washington,DC,20009
4872,2/1/09 23:13,B,Liakos,urviroaction@jumpstartlab.com,5408883000,1616 P. street NW suite 340,washington,DC,20036
4130,2/1/09 14:57,Rufio,Light,itristinalouisebell@jumpstartlab.com,4156997000,1608 Rhode Island Ave,Washington DC,DC,20036
2584,1/23/09 13:56,Kim,Lobue,tclpert@jumpstartlab.com,301-312-7000,"3825 Wisconsin Avenue, NW",Washington,DC,20016
4891,2/1/09 23:20,Ralph,Locascio,eey.mehulebrun@jumpstartlab.com,5408883000,1616 P. street NW suite 340,washington,DC,20036
1423,1/21/09 16:06,Meredith,Lochner,mosheridan@jumpstartlab.com,610-334-0000,4400 Massachusetts Ave NW,Washington,DC,20016
5072,2/2/09 0:55,Bryce,Lupolt,qclese_11@jumpstartlab.com,831-419-7000,"1608 Rhode Island Ave, NW Apt 908",Washington,DC,20036
4712,2/1/09 21:58,Adrienne,Lutch,bmalprin@jumpstartlab.com,610-858-5000,4400 Massachusetts Avenue,Washington,DC,20016
2587,1/23/09 14:05,Rachel,Mack,kjaru@jumpstartlab.com,301-312-7000,"3825 Wisconsin Avenue, NW",Washington,DC,20016
2578,1/23/09 13:40,Allyson,McCole,ixlmeida@jumpstartlab.com,301-312-7000,"3825 Wisconsin Avenue, NW",Washington,DC,20016
878,1/19/09 12:07,Fiona,Mclaren,wyohr@jumpstartlab.com,315-825-5000,"2727 29th Street NW, Apt. 232",Washington,DC,20008
371,12/19/08 13:19,Callie,McLaughlin,gdacyjamesrossi2@jumpstartlab.com,202-552-3000,"391 Michigan Ave., NE",Washington,DC,20017
4439,2/1/09 19:56,Holly,McLoughlin,if338@jumpstartlab.com,541-760-8000,4400 Massachusetts Avenue,Washington,DC,20016
2639,1/26/09 12:52,Kyle,Melas,mbduan08@jumpstartlab.com,3107798000,1409 37th St. NW,Washington,DC,20007
2537,1/22/09 8:16,Roxanna,Mellace,lvarnswo@jumpstartlab.com,773 330 2000,"1723 Webster St, NW",Washington,DC,
1437,1/21/09 16:16,Jessica,Mellen,egm118@jumpstartlab.com,301 6545000,"3825 Wisconsin Avenue, NW",Washington,DC,20016
4533,2/1/09 20:43,Ileana,Meyer,slnny.woldorf@jumpstartlab.com,570-982-92000,4400 Massachusetts Avenue,Washington,DC,20016
1397,1/21/09 15:41,Sandy,Mike-Bidtah,sytrm6@jumpstartlab.com,203-687-6000,4400 Massachusetts Ave NW,Washington,DC,20016
2182,1/21/09 23:00,Rachel,Milem,vvurphy3@jumpstartlab.com,330-388-9000,"2021 F Street, NW, #921",Washington,DC,20052
3981,2/1/09 2:36,Stephanie,Miller,put.springer@jumpstartlab.com,202-468-5000,3636 T St. NW,Washington,DC,20007
369,12/19/08 13:15,Sean,Modawal,ufmPalley@jumpstartlab.com,202 232 7000,1718 Connecticut Ave. NW Suite 300,Washington,DC,20009
4852,2/1/09 23:07,Katelyn,Mohammed,vxpl3@jumpstartlab.com,5408883000,1616 P. street NW suite 340,washington,DC,20036
4659,2/1/09 21:36,Boris,Mostow,rcrdos12@jumpstartlab.com,631-241-5000,4400 Massachusetts Avenue,washington,DC,20016
69,12/8/08 20:31,Sofia,Murillo,lpohen@jumpstartlab.com,202 319 2000,"702 H St, suite 300",Washington,DC,20001
370,12/19/08 13:16,Michael,Murphy,bxthewsm@jumpstartlab.com,202 232 7000,1718 Connecticut Ave. NW Suite 300,Washington,DC,20009
2334,1/21/09 23:46,Christian,Nelson,vkchel.neuschatz@jumpstartlab.com,201-919-1000,"2031 F Street, NW",Washington,DC,20052
1,11/12/08 10:47,Allison,Nguyen,arannon@jumpstartlab.com,6154385000,3155 19th St NW,Washington,DC,20010
4843,2/1/09 23:01,Aidan,O'Neill,uhham.christie@jumpstartlab.com,5408883000,1616 P. street NW suite 340,washington,DC,20036
2934,1/29/09 18:39,Nathalie,Oblisk,ryaole@jumpstartlab.com,443.386.6000,"2350 H St NW, New Hall 707",Washington,DC,20052
1211,1/20/09 23:35,Laura,Oh,ball0166@jumpstartlab.com,240 645 5000,"3000 Cathedral Ave, NW",Washington,DC,20008
2940,1/29/09 18:56,Stephen,Oheim,kuack@jumpstartlab.com,410.302.0000,"1900 F St NW, Thurston #418",Washington,DC,20052
4380,2/1/09 19:13,Kelly,Oldershaw,rlandros@jumpstartlab.com,5177127000,"Harbin 726, Georgetown University",Washington,DC,20057
361,12/19/08 12:38,Aurora,Ortega,yfr42@jumpstartlab.com,202 554 3000,520 N St SW,Washington,DC,20024
1448,1/21/09 16:29,Natalie,Otukoya,kq454969@jumpstartlab.com,301 6545000,"3825 Wisconsin Avenue, NW",Washington,DC,20016
4636,2/1/09 21:28,Winter,Parvaz,knllyhorak@jumpstartlab.com,817-874-7000,4400 Massachusetts Avenue,Washington,DC,20016
1203,1/20/09 23:29,Jen,Peavler,wyate2@jumpstartlab.com,240 645 5000,"3000 Cathedral Avenue, NW",Washington,DC,20008
4670,2/1/09 21:41,Astrid,Peffier,alcoolfool@jumpstartlab.com,401-578-8000,4400 Massachusetts Avenue,Washington,DC,20016
5066,2/2/09 0:44,Abby,Peterson,jweise@jumpstartlab.com,323-687-0000,"1608 Rhode Island Ave, NW",Washington,DC,20036
2932,1/29/09 18:04,Ansally,Pfeiffer,pltanich@jumpstartlab.com,908.307.4000,"2124 Eye St NW, West End #506",Washington,DC,20052
4649,2/1/09 21:31,Laura,Phillips,xgarotzky@jumpstartlab.com,603-562-8000,1217 Franklin St NE,Washington,DC,20017
4938,2/1/09 23:34,Tom,Pomeroy,gkackwella2@jumpstartlab.com,5408883000,1616 P Street NW Suite 340,Washington,DC,20036
4813,2/1/09 22:49,Nicole,Porter,iqryars11@jumpstartlab.com,510-508-0000,1608 Rhode Island Ave. NW #708,Washington,DC,20036
4514,2/1/09 20:34,Teen,Powers,ren@jumpstartlab.com,570-982-92000,4400 Massachusetts Avenue,Washington,DC,20016
4422,2/1/09 19:42,Dominique,Rasmussen,gaffey@jumpstartlab.com,859-948-5000,4400 Massachusetts Avenue,Washington,DC,20016
2716,1/27/09 10:48,Sasha,Reilly,faomas.Berlangera@jumpstartlab.com,706-832-2000,1928 38th ST NW,Washington,DC,20007
4847,2/1/09 23:05,K,Rempel,ry5309a@jumpstartlab.com,5408883000,1616 P. street NW suite 340,washington,DC,20036
4049,2/1/09 12:54,Cara,Roe,ijurf@jumpstartlab.com,6175296000,"736 22nd St NW, Room 706",Washington,DC,20052
2582,1/23/09 13:50,Lucia,Rojas,hlujaeagles@jumpstartlab.com,301-312-7000,"3825 Wisconsin Avenue, NW",Washington,DC,20016
372,12/19/08 13:30,Eva,Rotman,cgngo8456@jumpstartlab.com,202-756-4000,PO Box 29132,Washington,DC,20017
5162,2/2/09 10:45,Anika,Roux,clanessaj@jumpstartlab.com,773-569-2000,215 Pennsylvania Ave. SE 3rd FL,Washington,DC,20003
2585,1/23/09 14:01,Paula,Rowe,ggbin.averbeck@jumpstartlab.com,301-312-7000,"3825 Wisconsin Avenue, NW",Washington,DC,20016
5069,2/2/09 0:52,Michelle,Rudderman,fwchtywr@jumpstartlab.com,8473478000,Georgetown University Kennedy K-227,Washington,DC,20057
363,12/19/08 12:49,Lee,Sachs,bwd6273@jumpstartlab.com,202-635-2000,1225 Otis St NE,Washington,DC,20017
3491,1/31/09 13:14,Molly,Saretzky,vcsh7444@jumpstartlab.com,202-386-2000,"2022 15th Street, NW",Washington,DC,20009
5175,2/2/09 12:34,Greg,SAUNDERS,jyukhov@jumpstartlab.com,240 645 5000,"3000 Cathedral Ave, NW",Washington,DC,20008
2200,1/21/09 23:05,Cress,Schafer,sodolgin@jumpstartlab.com,#######000,"620 21st Street, NW",Washington,DC,20052
5068,2/2/09 0:50,Kate,Scholnick,xrvanals@jumpstartlab.com,323-687-0000,"1608 Rhode Island Ave, NW",Washington,DC,20036
4064,2/1/09 13:35,Jamie,Schreck,jdeley11@jumpstartlab.com,3303042000,1515 3rd St. NW,Washington,DC,20001
4465,2/1/09 20:07,Dan,Schwaller,tfpomeroy@jumpstartlab.com,415-847-0000,4400 Massachusetts Avenue,Washington,DC,20016
4524,2/1/09 20:38,Troy,Seithers,vtottc@jumpstartlab.com,717-669-3000,4400 Massachusetts Avenue,Washington,DC,20016
1419,1/21/09 16:03,Madeline,Shamel,wq1luv@jumpstartlab.com,301 6545000,"3825 Wisconsin Avenue, NW",Washington,DC,20016
4509,2/1/09 20:30,Ryan,Shearer,hollins.756@jumpstartlab.com,626.290.6000,901 6th St. SW Apt 414A,Washington,DC,20024
4477,2/1/09 20:14,Perry,Shillingford,sryers@jumpstartlab.com,978-855-8000,4400 Massachusetts Avenue,Washington,DC,20016
1462,1/21/09 16:38,Meagan,Siegel,ifhirih.alia@jumpstartlab.com,301 6545000,"3825 Wisconsin Avenue, NW",Washington,DC,20016
3951,1/31/09 23:02,Kimberly,Sikes,er00168456@jumpstartlab.com,202-256-1000,3626 T St,Washington,DC,20007
1418,1/21/09 16:02,Jennifer,Silva,qpfox@jumpstartlab.com,202-457-7000,4400 Massachusetts Ave NW,Washington,DC,20016
2938,1/29/09 18:50,Anita,Singh,xjlomo68@jumpstartlab.com,440-725-9000,"1900 F St NW, Thurston #221",Washington,DC,20052
4835,2/1/09 22:58,Nicole,Six,un404607@jumpstartlab.com,5408883000,1616 P. street NW suite 340,washington,DC,20036
4116,2/1/09 14:41,Kasey,Smith,yochellejcoker@jumpstartlab.com,(202) 588-0000,1727 Massachusetts Ave NW,Washington,DC,20036
2581,1/23/09 13:47,Einer,Sorenson,sxafcook@jumpstartlab.com,301-312-7000,"3825 Wisconsin Avenue, NW",Washington,DC,20016
5157,2/2/09 10:07,Simone,Sosin,kferriam@jumpstartlab.com,202 481 8000,1333 H St. NW 1st Floor,Washington,DC,20005
1252,1/21/09 0:14,Adam,Starodaj,fkorterfield@jumpstartlab.com,240 645 5000,"3000 Cathedral Ave, NW",Washington,DC,20008
1478,1/21/09 16:47,Kayla,Stevens,vda2@jumpstartlab.com,301 6545000,"3825 Wisconsin Avenue, NW",Washington,DC,20016
359,12/19/08 12:32,Melanie,Stevenson,jebergma@jumpstartlab.com,202-270-3000,3646 Warder St. NW,Washington,DC,20010
869,1/19/09 11:49,Alan,Stoneking,euizabethlev@jumpstartlab.com,646-258-2000,"2727 29th Street NW, Apt. 529",Washington,DC,20008
4611,2/1/09 21:21,Connie,Swartwood,btndguage@jumpstartlab.com,516-996-7000,4400 Massachusetts Avenue,Washington,DC,20016
478,12/20/08 14:05,Donna,Taylor,hmisJohnsonPS@jumpstartlab.com,215-715-0000,1409 37th St NW,Washington,DC,20007
2715,1/27/09 10:44,Mary,Ther,hobdul27@jumpstartlab.com,202-494-2000,1858 California St. NW #41,Washington,DC,20009
1484,1/21/09 16:51,Ashley,Tourneville,wcbutler@jumpstartlab.com,301 6545000,"3825 Wisconsin Avenue, NW",Washington,DC,20016
2576,1/23/09 13:36,Lacey,Tran,whsouza@jumpstartlab.com,301-312-7000,"3825 Wisconsin Avenue, NW",Washington,DC,20016
367,12/19/08 12:58,Kristina,Trowbridge,oumandrell@jumpstartlab.com,202-481-6000,"110 Maryland Ave., NE, Suite 108",Washington,DC,20002
3143,1/30/09 14:29,Annelise,Tsuji,hrchaelaraman@jumpstartlab.com,xxxx000,235 2nd St NE,Washington,DC,20002
1403,1/21/09 15:47,Jacob,Two,cyvid@jumpstartlab.com,215-527-5000,4400 Massachusetts Ave NW,Washington,DC,20016
2618,1/24/09 22:01,Christi,Two,xdolec1@jumpstartlab.com,202-302-7000,3003 Van Ness St. NW #S606,Washington,DC,20008
1443,1/21/09 16:25,Ashley,Vandeputte,owzapf@jumpstartlab.com,301 6545000,"3825 Wisconsin Avenue, NW",Washington,DC,20016
1218,1/20/09 23:43,Meghan,Vanegas,bu@jumpstartlab.com,240 645 5000,"3000 Cathedral Ave, NW",Washington,DC,20008
2723,1/27/09 13:37,Catherine,Varlese,gusonsm@jumpstartlab.com,510 657 7000,800 florida ave ne #1224,washington,DC,20002
4053,2/1/09 13:06,Joe,Vernon,xkmes.p.gilchrist@jumpstartlab.com,720-934-8000,3636 T St. NW,Washington,DC,20007
1430,1/21/09 16:10,Alicia,Veysey,cyaen1.arnold@jumpstartlab.com,301 6545000,"3825 Wisconsin Avenue, NW",Washington,DC,20016
2588,1/23/09 14:07,Annelies,Vig,orrek.j.roy@jumpstartlab.com,301-312-7000,http://410woman.googlepages.com,Washington,DC,20016
2680,1/26/09 22:22,Maura,Viglietta,updkinss@jumpstartlab.com,917-407-4000,4110 14th St. NW,Washington,DC,20011
2222,1/21/09 23:13,Raymond,Vyas,gwdela10@jumpstartlab.com,860-478-4000,"2222 Eye Street, NW, #302",Washington,DC,20052
4449,2/1/09 19:59,Kelsey,Wadsworth,cmartzel@jumpstartlab.com,949-547-8000,901 6th St. SW Apt 414A,Washington,DC,20024
2580,1/23/09 13:45,Kelsey,Walters,hctthew.kramer@jumpstartlab.com,301-312-7000,"3825 Wisconsin Avenue, NW",Washington,DC,20016
4919,2/1/09 23:30,Torsten,Weber-Shirk,ggd2543@jumpstartlab.com,5408883000,1616 P Street NW Suite 340,Washington,DC,20036
1451,1/21/09 16:31,Alicia,Weisberg,nuagnoni@jumpstartlab.com,301 6545000,"3825 Wisconsin Avenue, NW",Washington,DC,20016
1441,1/21/09 16:23,Kelsy,Weitner,bxBurdiss@jumpstartlab.com,301 6545000,"3825 Wisconsin Avenue, NW",Washington,DC,20016
4457,2/1/09 20:03,Jennifer,Wichman,vehns1jm@jumpstartlab.com,503-258-7000,4400 Massachusetts Avenue,Washington,DC,20016
1392,1/21/09 15:27,Monica,Wilson,rblary@jumpstartlab.com,201-208-5000,4400 Massachusetts Ave NW,Washington,DC,20016
2162,1/21/09 22:56,Kate,Wojtalewicz,pfdasamc@jumpstartlab.com,413.539.3000,"950 24th St, NW, #413",Washington,DC,20052
1234,1/20/09 23:55,Kendra,Xx,ygalabre@jumpstartlab.com,240 645 5000,"3000 Cathedral Ave, NW",Washington,DC,20008
847,1/18/09 2:48,Laura,Xx,abnedoe3@jumpstartlab.com,802-659-4000,"2601 Woodley Place NW, Apt 813",Washington,DC,20008
1258,1/21/09 0:24,Althea,Xx,udsaw87@jumpstartlab.com,240 645 5000,"3000 Cathedral Ave, NW",Washington,DC,20008
1254,1/21/09 0:18,Adriana,Zapfel,vemusic@jumpstartlab.com,240 645 5000,"3000 Cathedral Ave, NW",Washington,DC,20008
4159,2/1/09 15:44,John,Zeller,eyudartj@jumpstartlab.com,805-766-2000,"1608 Rhode Island Ave, NW",Washington,DC,20036
1473,1/21/09 16:44,Adam,Zimmerman,jal08d@jumpstartlab.com,301 6545000,"3825 Wisconsin Avenue, NW",Washington,DC,20016
2575,1/23/09 13:03,Brian,Zipin,wwshaw@jumpstartlab.com,301-312-7000,"3825 Wisconsin Avenue, NW",Washington,DC,20016
